id,long,lat
26SLH1,-29.010000,38.610000
26SLH3,-28.440000,38.610000
26SMH1,-27.860000,38.620000
26SMH3,-27.290000,38.620000
26SMJ2,-27.870000,39.070000
26SPF3,-25.040000,36.800000
26SPG1,-25.580000,37.710000
26SPG3,-25.010000,37.710000
26WPS1,-24.450000,64.680000
26WPT1,-24.420000,65.580000
27VVL1,-22.520000,63.790000
27VVL3,-21.510000,63.800000
27VWL1,-20.490000,63.800000
27VWL2,-20.500000,63.350000
27VWL3,-19.480000,63.790000
27VWL4,-19.500000,63.350000
27VXL1,-18.490000,63.780000
27VXL2,-18.500000,63.330000
27WUM3,-23.550000,64.680000
27WUN3,-23.580000,65.580000
27WUN4,-23.570000,65.130000
27WUP4,-23.600000,66.020000
27WVM1,-22.570000,64.690000
27WVM2,-22.550000,64.240000
27WVM3,-21.520000,64.700000
27WVM4,-21.520000,64.250000
27WVN1,-22.630000,65.590000
27WVN2,-22.600000,65.140000
27WVN3,-21.540000,65.600000
27WVN4,-21.530000,65.150000
27WVP1,-22.680000,66.490000
27WVP2,-22.660000,66.040000
27WVP4,-21.550000,66.040000
27WWM1,-20.480000,64.700000
27WWM2,-20.480000,64.250000
27WWM3,-19.430000,64.690000
27WWM4,-19.450000,64.240000
27WWN1,-20.460000,65.600000
27WWN2,-20.470000,65.150000
27WWN3,-19.370000,65.590000
27WWN4,-19.400000,65.140000
27WWP2,-20.450000,66.040000
27WWP4,-19.340000,66.040000
27WXM1,-18.450000,64.680000
27WXM2,-18.470000,64.230000
27WXN1,-18.420000,65.580000
27WXN2,-18.430000,65.130000
27WXP2,-18.400000,66.020000
28VCR3,-17.510000,63.780000
28VDR1,-16.520000,63.790000
28WCS3,-17.550000,64.680000
28WCS4,-17.530000,64.230000
28WCT3,-17.580000,65.580000
28WCT4,-17.570000,65.130000
28WCU4,-17.600000,66.020000
28WDS1,-16.570000,64.690000
28WDS2,-16.550000,64.240000
28WDS3,-15.520000,64.700000
28WDS4,-15.520000,64.250000
28WDT1,-16.630000,65.590000
28WDT2,-16.600000,65.140000
28WDT3,-15.540000,65.600000
28WDT4,-15.530000,65.150000
28WDU1,-16.680000,66.490000
28WDU2,-16.660000,66.040000
28WDU3,-15.560000,66.490000
28WDU4,-15.550000,66.040000
28WES1,-14.480000,64.700000
28WES2,-14.480000,64.250000
28WET1,-14.460000,65.600000
28WET2,-14.470000,65.150000
28WET3,-13.370000,65.590000
28WET4,-13.400000,65.140000
28WEU1,-14.440000,66.490000
28WEU2,-14.450000,66.040000
29SMC3,-9.290000,38.620000
29SMD3,-9.290000,39.520000
29SMD4,-9.290000,39.070000
29SNA3,-8.160000,36.820000
29SNB1,-8.720000,37.720000
29SNB2,-8.720000,37.270000
29SNB3,-8.150000,37.720000
29SNB4,-8.150000,37.270000
29SNC1,-8.710000,38.620000
29SNC2,-8.710000,38.170000
29SNC3,-8.140000,38.620000
29SNC4,-8.140000,38.170000
29SND1,-8.710000,39.520000
29SND2,-8.710000,39.070000
29SND3,-8.130000,39.520000
29SND4,-8.130000,39.070000
29SNE2,-8.710000,39.970000
29SNE4,-8.120000,39.970000
29SPB1,-7.580000,37.710000
29SPB2,-7.590000,37.260000
29SPB3,-7.010000,37.710000
29SPB4,-7.030000,37.260000
29SPC1,-7.560000,38.610000
29SPC2,-7.570000,38.160000
29SPC3,-6.990000,38.610000
29SPC4,-7.000000,38.160000
29SPD1,-7.550000,39.520000
29SPD2,-7.560000,39.070000
29SPD3,-6.960000,39.510000
29SPD4,-6.980000,39.060000
29SPE2,-7.540000,39.970000
29SPE4,-6.950000,39.960000
29SQA1,-6.480000,36.790000
29SQA2,-6.490000,36.340000
29SQB1,-6.370000,37.690000
29SQB2,-6.460000,37.240000
29SQC1,-6.350000,38.590000
29SQC2,-6.360000,38.140000
29SQD1,-6.340000,39.490000
29SQD2,-6.340000,39.040000
29SQE2,-6.330000,39.940000
29TMH3,-9.310000,43.130000
29TMH4,-9.310000,42.680000
29TNE1,-8.710000,40.430000
29TNE3,-8.120000,40.420000
29TNF1,-8.700000,41.330000
29TNF2,-8.700000,40.880000
29TNF3,-8.100000,41.320000
29TNF4,-8.110000,40.870000
29TNG1,-8.700000,42.230000
29TNG2,-8.700000,41.780000
29TNG3,-8.090000,42.220000
29TNG4,-8.100000,41.770000
29TNH1,-8.690000,43.130000
29TNH2,-8.690000,42.680000
29TNH3,-8.080000,43.120000
29TNH4,-8.080000,42.670000
29TNJ4,-8.070000,43.570000
29TPE1,-7.530000,40.420000
29TPE3,-6.940000,40.410000
29TPF1,-7.510000,41.320000
29TPF2,-7.520000,40.870000
29TPF3,-6.910000,41.310000
29TPF4,-6.920000,40.860000
29TPG1,-7.490000,42.220000
29TPG2,-7.500000,41.770000
29TPG3,-6.880000,42.210000
29TPG4,-6.890000,41.760000
29TPH1,-7.460000,43.120000
29TPH2,-7.470000,42.670000
29TPH3,-6.850000,43.110000
29TPH4,-6.860000,42.660000
29TPJ2,-7.450000,43.570000
29TPJ4,-6.830000,43.560000
29TQE1,-6.320000,40.390000
29TQF1,-6.310000,41.290000
29TQF2,-6.310000,40.840000
29TQG1,-6.290000,42.200000
29TQG2,-6.300000,41.740000
29TQH1,-6.270000,43.100000
29TQH2,-6.280000,42.650000
29TQJ2,-6.260000,43.550000
29ULT3,-10.830000,52.110000
29UMA2,-10.150000,54.370000
29UMA4,-9.380000,54.370000
29UMT1,-10.100000,52.120000
29UMT2,-10.080000,51.670000
29UMT3,-9.370000,52.130000
29UMT4,-9.360000,51.680000
29UMU2,-10.110000,52.570000
29UMU3,-9.370000,53.020000
29UMU4,-9.370000,52.570000
29UMV1,-10.140000,53.920000
29UMV2,-10.130000,53.470000
29UMV3,-9.380000,53.920000
29UMV4,-9.380000,53.470000
29UNA1,-8.610000,54.820000
29UNA2,-8.620000,54.370000
29UNA3,-7.830000,54.820000
29UNA4,-7.850000,54.370000
29UNB2,-8.610000,55.270000
29UNB4,-7.820000,55.270000
29UNT1,-8.630000,52.130000
29UNT2,-8.640000,51.680000
29UNT3,-7.900000,52.120000
29UNT4,-7.920000,51.670000
29UNU1,-8.630000,53.020000
29UNU2,-8.630000,52.570000
29UNU3,-7.880000,53.020000
29UNU4,-7.890000,52.570000
29UNV1,-8.620000,53.920000
29UNV2,-8.620000,53.470000
29UNV3,-7.860000,53.920000
29UNV4,-7.870000,53.470000
29UPA1,-7.060000,54.810000
29UPA2,-7.080000,54.360000
29UPA3,-6.330000,54.790000
29UPA4,-6.350000,54.340000
29UPB2,-7.030000,55.260000
29UPB3,-6.310000,55.690000
29UPB4,-6.320000,55.240000
29UPR4,-6.570000,49.850000
29UPT1,-7.170000,52.110000
29UPT3,-6.400000,52.100000
29UPU1,-7.140000,53.010000
29UPU2,-7.160000,52.560000
29UPU3,-6.380000,53.000000
29UPU4,-6.390000,52.550000
29UPV1,-7.100000,53.910000
29UPV2,-7.120000,53.460000
29UPV3,-6.360000,53.890000
29UPV4,-6.370000,53.450000
29VNC3,-7.780000,56.610000
29VND3,-7.750000,57.510000
29VND4,-7.760000,57.060000
29VNE2,-8.580000,57.970000
29VNJ3,-7.570000,62.000000
29VNK4,-7.550000,62.450000
29VPC1,-6.960000,56.600000
29VPC3,-6.280000,56.590000
29VPC4,-6.290000,56.140000
29VPD1,-6.910000,57.500000
29VPD2,-6.940000,57.050000
29VPD3,-6.000000,57.480000
29VPD4,-6.000000,57.030000
29VPE1,-6.860000,58.400000
29VPE2,-6.890000,57.950000
29VPE3,-6.000000,58.380000
29VPE4,-6.000000,57.930000
29VPJ1,-6.550000,61.990000
29VPJ2,-6.560000,61.540000
29VPK2,-6.530000,62.430000
29WMU3,-9.690000,70.980000
29WNU1,-8.310000,70.980000
30STE3,-5.490000,35.890000
30STF3,-5.520000,36.790000
30STF4,-5.510000,36.340000
30STG3,-5.630000,37.690000
30STG4,-5.540000,37.240000
30STH3,-5.650000,38.590000
30STH4,-5.640000,38.140000
30STJ3,-5.660000,39.490000
30STJ4,-5.660000,39.040000
30STK4,-5.670000,39.940000
30SUF1,-4.960000,36.800000
30SUF2,-4.950000,36.350000
30SUF3,-4.400000,36.810000
30SUG1,-4.990000,37.710000
30SUG2,-4.970000,37.260000
30SUG3,-4.420000,37.710000
30SUG4,-4.410000,37.260000
30SUH1,-5.010000,38.610000
30SUH2,-5.000000,38.160000
30SUH3,-4.440000,38.610000
30SUH4,-4.430000,38.160000
30SUJ1,-5.040000,39.510000
30SUJ2,-5.020000,39.060000
30SUJ3,-4.450000,39.520000
30SUJ4,-4.440000,39.070000
30SUK2,-5.050000,39.960000
30SUK4,-4.460000,39.970000
30SVF1,-3.840000,36.820000
30SVF3,-3.280000,36.820000
30SVG1,-3.850000,37.720000
30SVG2,-3.850000,37.270000
30SVG3,-3.280000,37.720000
30SVG4,-3.280000,37.270000
30SVH1,-3.860000,38.620000
30SVH2,-3.860000,38.170000
30SVH3,-3.290000,38.620000
30SVH4,-3.290000,38.170000
30SVJ1,-3.870000,39.520000
30SVJ2,-3.870000,39.070000
30SVJ3,-3.290000,39.520000
30SVJ4,-3.290000,39.070000
30SVK2,-3.880000,39.970000
30SVK4,-3.290000,39.970000
30SWF1,-2.720000,36.820000
30SWF3,-2.160000,36.820000
30SWG1,-2.720000,37.720000
30SWG2,-2.720000,37.270000
30SWG3,-2.150000,37.720000
30SWG4,-2.150000,37.270000
30SWH1,-2.710000,38.620000
30SWH2,-2.710000,38.170000
30SWH3,-2.140000,38.620000
30SWH4,-2.140000,38.170000
30SWJ1,-2.710000,39.520000
30SWJ2,-2.710000,39.070000
30SWJ3,-2.130000,39.520000
30SWJ4,-2.130000,39.070000
30SWK2,-2.710000,39.970000
30SWK4,-2.120000,39.970000
30SXG1,-1.580000,37.710000
30SXG2,-1.590000,37.260000
30SXG3,-1.010000,37.710000
30SXH1,-1.560000,38.610000
30SXH2,-1.570000,38.160000
30SXH3,-0.990000,38.610000
30SXH4,-1.000000,38.160000
30SXJ1,-1.550000,39.520000
30SXJ2,-1.560000,39.070000
30SXJ3,-0.960000,39.510000
30SXJ4,-0.980000,39.060000
30SXK2,-1.540000,39.970000
30SXK4,-0.950000,39.960000
30SYH1,-0.350000,38.590000
30SYH2,-0.360000,38.140000
30SYJ1,-0.340000,39.490000
30SYJ2,-0.340000,39.040000
30SYK2,-0.330000,39.940000
30TTK3,-5.680000,40.390000
30TTL3,-5.690000,41.290000
30TTL4,-5.690000,40.840000
30TTM3,-5.710000,42.200000
30TTM4,-5.700000,41.740000
30TTN3,-5.730000,43.100000
30TTN4,-5.720000,42.650000
30TTP4,-5.740000,43.550000
30TUK1,-5.060000,40.410000
30TUK3,-4.470000,40.420000
30TUL1,-5.090000,41.310000
30TUL2,-5.080000,40.860000
30TUL3,-4.490000,41.320000
30TUL4,-4.480000,40.870000
30TUM1,-5.120000,42.210000
30TUM2,-5.110000,41.760000
30TUM3,-4.510000,42.220000
30TUM4,-4.500000,41.770000
30TUN1,-5.150000,43.110000
30TUN2,-5.140000,42.660000
30TUN3,-4.540000,43.120000
30TUN4,-4.530000,42.670000
30TUP2,-5.170000,43.560000
30TUP4,-4.550000,43.570000
30TVK1,-3.880000,40.420000
30TVK3,-3.290000,40.430000
30TVL1,-3.900000,41.320000
30TVL2,-3.890000,40.870000
30TVL3,-3.300000,41.330000
30TVL4,-3.300000,40.880000
30TVM1,-3.910000,42.220000
30TVM2,-3.900000,41.770000
30TVM3,-3.300000,42.230000
30TVM4,-3.300000,41.780000
30TVN1,-3.920000,43.120000
30TVN2,-3.920000,42.670000
30TVN3,-3.310000,43.130000
30TVN4,-3.310000,42.680000
30TVP2,-3.930000,43.570000
30TVP4,-3.310000,43.580000
30TVT1,-4.000000,47.620000
30TVT3,-3.330000,47.630000
30TVT4,-3.330000,47.180000
30TWK1,-2.710000,40.430000
30TWK3,-2.120000,40.420000
30TWL1,-2.700000,41.330000
30TWL2,-2.700000,40.880000
30TWL3,-2.100000,41.320000
30TWL4,-2.110000,40.870000
30TWM1,-2.700000,42.230000
30TWM2,-2.700000,41.780000
30TWM3,-2.090000,42.220000
30TWM4,-2.100000,41.770000
30TWN1,-2.690000,43.130000
30TWN2,-2.690000,42.680000
30TWN3,-2.080000,43.120000
30TWN4,-2.080000,42.670000
30TWP2,-2.690000,43.580000
30TWS1,-2.670000,46.730000
30TWS3,-2.020000,46.720000
30TWT1,-2.670000,47.630000
30TWT2,-2.670000,47.180000
30TWT3,-2.000000,47.620000
30TWT4,-2.010000,47.170000
30TXK1,-1.530000,40.420000
30TXK3,-0.940000,40.410000
30TXL1,-1.510000,41.320000
30TXL2,-1.520000,40.870000
30TXL3,-0.910000,41.310000
30TXL4,-0.920000,40.860000
30TXM1,-1.490000,42.220000
30TXM2,-1.500000,41.770000
30TXM3,-0.880000,42.210000
30TXM4,-0.890000,41.760000
30TXN1,-1.460000,43.120000
30TXN2,-1.470000,42.670000
30TXN3,-0.850000,43.110000
30TXN4,-0.860000,42.660000
30TXP1,-1.440000,44.020000
30TXP2,-1.450000,43.570000
30TXP3,-0.820000,44.010000
30TXP4,-0.830000,43.560000
30TXQ1,-1.420000,44.920000
30TXQ2,-1.430000,44.470000
30TXQ3,-0.780000,44.910000
30TXQ4,-0.800000,44.460000
30TXR1,-1.390000,45.820000
30TXR2,-1.400000,45.370000
30TXR3,-0.750000,45.810000
30TXR4,-0.770000,45.360000
30TXS1,-1.360000,46.720000
30TXS2,-1.380000,46.270000
30TXS3,-0.710000,46.710000
30TXS4,-0.730000,46.260000
30TXT1,-1.340000,47.620000
30TXT2,-1.350000,47.170000
30TXT3,-0.670000,47.600000
30TXT4,-0.690000,47.160000
30TYK1,-0.320000,40.390000
30TYL1,-0.310000,41.290000
30TYL2,-0.310000,40.840000
30TYM1,-0.290000,42.200000
30TYM2,-0.300000,41.740000
30TYN1,-0.270000,43.100000
30TYN2,-0.280000,42.650000
30TYP1,-0.250000,44.000000
30TYP2,-0.260000,43.550000
30TYQ1,-0.230000,44.890000
30TYQ2,-0.240000,44.450000
30TYR1,-0.210000,45.790000
30TYR2,-0.220000,45.340000
30TYS1,0.000000,46.690000
30TYS2,0.000000,46.240000
30TYT1,0.000000,47.590000
30TYT2,0.000000,47.140000
30UUA1,-5.550000,50.300000
30UUA2,-5.430000,49.850000
30UUA3,-4.760000,50.310000
30UUB3,-4.790000,51.210000
30UUB4,-4.770000,50.760000
30UUC1,-5.600000,52.100000
30UUC2,-5.580000,51.650000
30UUC3,-4.830000,52.110000
30UUC4,-4.810000,51.660000
30UUD3,-4.860000,53.010000
30UUE3,-4.900000,53.910000
30UUE4,-4.880000,53.460000
30UUF1,-5.670000,54.790000
30UUF2,-5.650000,54.340000
30UUF3,-4.940000,54.810000
30UUF4,-4.920000,54.360000
30UUG1,-5.690000,55.690000
30UUG2,-5.680000,55.240000
30UUG3,-4.990000,55.700000
30UUG4,-4.970000,55.260000
30UUU1,-5.370000,48.500000
30UUU3,-4.690000,48.520000
30UUU4,-4.680000,48.070000
30UVA1,-4.050000,50.320000
30UVA3,-3.350000,50.330000
30UVB1,-4.070000,51.220000
30UVB2,-4.060000,50.770000
30UVB3,-3.360000,51.230000
30UVB4,-3.350000,50.780000
30UVC1,-4.100000,52.120000
30UVC2,-4.080000,51.670000
30UVC3,-3.370000,52.130000
30UVC4,-3.360000,51.680000
30UVD1,-4.120000,53.020000
30UVD2,-4.110000,52.570000
30UVD3,-3.370000,53.020000
30UVD4,-3.370000,52.570000
30UVE2,-4.130000,53.470000
30UVE3,-3.380000,53.920000
30UVE4,-3.380000,53.470000
30UVF1,-4.170000,54.820000
30UVF2,-4.150000,54.370000
30UVF3,-3.390000,54.820000
30UVF4,-3.380000,54.370000
30UVG1,-4.190000,55.710000
30UVG2,-4.180000,55.270000
30UVG3,-3.400000,55.720000
30UVG4,-3.390000,55.270000
30UVU1,-4.020000,48.520000
30UVU2,-4.010000,48.070000
30UVU3,-3.340000,48.530000
30UVU4,-3.340000,48.080000
30UVV4,-3.340000,48.980000
30UWA4,-1.960000,49.870000
30UWB1,-2.640000,51.230000
30UWB2,-2.650000,50.780000
30UWB3,-1.930000,51.220000
30UWB4,-1.940000,50.770000
30UWC1,-2.630000,52.130000
30UWC2,-2.640000,51.680000
30UWC3,-1.900000,52.120000
30UWC4,-1.920000,51.670000
30UWD1,-2.630000,53.020000
30UWD2,-2.630000,52.570000
30UWD3,-1.880000,53.020000
30UWD4,-1.890000,52.570000
30UWE1,-2.620000,53.920000
30UWE2,-2.620000,53.470000
30UWE3,-1.860000,53.920000
30UWE4,-1.870000,53.470000
30UWF1,-2.610000,54.820000
30UWF2,-2.620000,54.370000
30UWF3,-1.830000,54.820000
30UWF4,-1.850000,54.370000
30UWG1,-2.600000,55.720000
30UWG2,-2.610000,55.270000
30UWG3,-1.810000,55.710000
30UWG4,-1.820000,55.270000
30UWU1,-2.660000,48.530000
30UWU2,-2.660000,48.080000
30UWU3,-1.980000,48.520000
30UWU4,-1.990000,48.070000
30UWV1,-2.660000,49.430000
30UWV3,-1.970000,49.420000
30UWV4,-1.980000,48.970000
30UXA2,-1.260000,49.860000
30UXB1,-1.210000,51.210000
30UXB2,-1.230000,50.760000
30UXB3,-0.430000,51.200000
30UXB4,-0.440000,50.750000
30UXC1,-1.170000,52.110000
30UXC2,-1.190000,51.660000
30UXC3,-0.400000,52.100000
30UXC4,-0.420000,51.650000
30UXD1,-1.140000,53.010000
30UXD2,-1.160000,52.560000
30UXD3,-0.380000,53.000000
30UXD4,-0.390000,52.550000
30UXE1,-1.100000,53.910000
30UXE2,-1.120000,53.460000
30UXE3,-0.360000,53.890000
30UXE4,-0.370000,53.450000
30UXF1,-1.060000,54.810000
30UXF2,-1.080000,54.360000
30UXF4,-0.350000,54.340000
30UXU1,-1.310000,48.520000
30UXU2,-1.320000,48.070000
30UXU3,-0.630000,48.500000
30UXU4,-0.650000,48.050000
30UXV1,-1.280000,49.410000
30UXV2,-1.290000,48.970000
30UXV3,-0.590000,49.400000
30UXV4,-0.610000,48.950000
30UYU1,0.000000,48.490000
30UYU2,0.000000,48.040000
30VUH1,-5.720000,56.590000
30VUH2,-5.710000,56.140000
30VUH3,-5.040000,56.600000
30VUH4,-5.010000,56.150000
30VUJ3,-5.090000,57.500000
30VUJ4,-5.060000,57.050000
30VUK3,-5.140000,58.400000
30VUK4,-5.110000,57.950000
30VVH1,-4.220000,56.610000
30VVH2,-4.210000,56.160000
30VVH3,-3.410000,56.620000
30VVH4,-3.400000,56.170000
30VVJ1,-4.250000,57.510000
30VVJ2,-4.240000,57.060000
30VVJ3,-3.420000,57.520000
30VVJ4,-3.410000,57.070000
30VVK1,-4.280000,58.410000
30VVK2,-4.270000,57.960000
30VVK3,-3.430000,58.420000
30VVK4,-3.420000,57.970000
30VVL3,-3.440000,59.310000
30VVL4,-3.430000,58.860000
30VWH1,-2.590000,56.620000
30VWH2,-2.600000,56.170000
30VWJ1,-2.580000,57.520000
30VWJ2,-2.590000,57.070000
30VWJ3,-1.750000,57.510000
30VWJ4,-1.760000,57.060000
30VWL1,-2.560000,59.310000
30VWL2,-2.570000,58.860000
30VWM3,-1.650000,60.200000
30VWM4,-1.670000,59.760000
30VWN4,-1.630000,60.650000
30VXM1,-0.750000,60.190000
30VXN2,-0.590000,60.640000
31SBC3,0.350000,38.590000
31SBD4,0.340000,39.040000
31SBE4,0.330000,39.940000
31SCC3,1.560000,38.610000
31SCD2,0.980000,39.060000
31SCD4,1.560000,39.070000
31SDD1,2.130000,39.520000
31SDD3,2.710000,39.520000
31SDD4,2.710000,39.070000
31SDE4,2.710000,39.970000
31SED1,3.290000,39.520000
31SED2,3.290000,39.070000
31SEE2,3.290000,39.970000
31SEE4,3.880000,39.970000
31SFE2,4.460000,39.970000
31TBE3,0.320000,40.390000
31TBF3,0.310000,41.290000
31TBF4,0.310000,40.840000
31TBG3,0.290000,42.200000
31TBG4,0.300000,41.740000
31TBH3,0.270000,43.100000
31TBH4,0.280000,42.650000
31TBJ3,0.250000,44.000000
31TBJ4,0.260000,43.550000
31TBK3,0.230000,44.890000
31TBK4,0.240000,44.450000
31TBL3,0.210000,45.790000
31TBL4,0.220000,45.340000
31TCF1,0.910000,41.310000
31TCF2,0.920000,40.860000
31TCF3,1.510000,41.320000
31TCG1,0.880000,42.210000
31TCG2,0.890000,41.760000
31TCG3,1.490000,42.220000
31TCG4,1.500000,41.770000
31TCH1,0.850000,43.110000
31TCH2,0.860000,42.660000
31TCH3,1.460000,43.120000
31TCH4,1.470000,42.670000
31TCJ1,0.820000,44.010000
31TCJ2,0.830000,43.560000
31TCJ3,1.440000,44.020000
31TCJ4,1.450000,43.570000
31TCK1,0.780000,44.910000
31TCK2,0.800000,44.460000
31TCK3,1.420000,44.920000
31TCK4,1.430000,44.470000
31TCL1,0.750000,45.810000
31TCL2,0.770000,45.360000
31TCL3,1.390000,45.820000
31TCL4,1.400000,45.370000
31TCM1,0.710000,46.710000
31TCM2,0.730000,46.260000
31TCM3,1.360000,46.720000
31TCM4,1.380000,46.270000
31TCN1,0.670000,47.600000
31TCN2,0.690000,47.160000
31TCN3,1.340000,47.620000
31TCN4,1.350000,47.170000
31TDF1,2.100000,41.320000
31TDG1,2.090000,42.220000
31TDG2,2.100000,41.770000
31TDG3,2.700000,42.230000
31TDG4,2.700000,41.780000
31TDH1,2.080000,43.120000
31TDH2,2.080000,42.670000
31TDH3,2.690000,43.130000
31TDH4,2.690000,42.680000
31TDJ1,2.060000,44.020000
31TDJ2,2.070000,43.570000
31TDJ3,2.690000,44.030000
31TDJ4,2.690000,43.580000
31TDK1,2.050000,44.920000
31TDK2,2.060000,44.470000
31TDK3,2.680000,44.930000
31TDK4,2.690000,44.480000
31TDL1,2.030000,45.820000
31TDL2,2.040000,45.370000
31TDL3,2.680000,45.830000
31TDL4,2.680000,45.380000
31TDM1,2.020000,46.720000
31TDM2,2.030000,46.270000
31TDM3,2.670000,46.730000
31TDM4,2.680000,46.280000
31TDN1,2.000000,47.620000
31TDN2,2.010000,47.170000
31TDN3,2.670000,47.630000
31TDN4,2.670000,47.180000
31TEG1,3.300000,42.230000
31TEG2,3.300000,41.780000
31TEH1,3.310000,43.130000
31TEJ1,3.310000,44.030000
31TEJ2,3.310000,43.580000
31TEJ3,3.940000,44.020000
31TEJ4,3.930000,43.570000
31TEK1,3.320000,44.930000
31TEK2,3.310000,44.480000
31TEK3,3.950000,44.920000
31TEK4,3.940000,44.470000
31TEL1,3.320000,45.830000
31TEL2,3.320000,45.380000
31TEL3,3.970000,45.820000
31TEL4,3.960000,45.370000
31TEM1,3.330000,46.730000
31TEM2,3.320000,46.280000
31TEM3,3.980000,46.720000
31TEM4,3.970000,46.270000
31TEN1,3.330000,47.630000
31TEN2,3.330000,47.180000
31TEN3,4.000000,47.620000
31TEN4,3.990000,47.170000
31TFH3,5.150000,43.110000
31TFJ1,4.560000,44.020000
31TFJ2,4.550000,43.570000
31TFJ3,5.180000,44.010000
31TFJ4,5.170000,43.560000
31TFK1,4.580000,44.920000
31TFK2,4.570000,44.470000
31TFK3,5.220000,44.910000
31TFK4,5.200000,44.460000
31TFL1,4.610000,45.820000
31TFL2,4.600000,45.370000
31TFL3,5.250000,45.810000
31TFL4,5.230000,45.360000
31TFM1,4.640000,46.720000
31TFM2,4.620000,46.270000
31TFM3,5.290000,46.710000
31TFM4,5.270000,46.260000
31TFN1,4.660000,47.620000
31TFN2,4.650000,47.170000
31TFN3,5.330000,47.600000
31TFN4,5.310000,47.160000
31TGH1,5.730000,43.100000
31TGJ1,5.750000,44.000000
31TGJ2,5.740000,43.550000
31TGK1,5.770000,44.890000
31TGK2,5.760000,44.450000
31TGL1,5.790000,45.790000
31TGL2,5.780000,45.340000
31TGM1,6.000000,46.690000
31TGM2,6.000000,46.240000
31TGN1,6.000000,47.590000
31TGN2,6.000000,47.140000
31UCP1,0.630000,48.500000
31UCP2,0.650000,48.050000
31UCP3,1.310000,48.520000
31UCP4,1.320000,48.070000
31UCQ1,0.590000,49.400000
31UCQ2,0.610000,48.950000
31UCQ3,1.280000,49.410000
31UCQ4,1.290000,48.970000
31UCR2,0.570000,49.850000
31UCR3,1.240000,50.310000
31UCR4,1.260000,49.860000
31UCS1,0.430000,51.200000
31UCS2,0.440000,50.750000
31UCS3,1.210000,51.210000
31UCS4,1.230000,50.760000
31UCT1,0.400000,52.100000
31UCT2,0.420000,51.650000
31UCT3,1.170000,52.110000
31UCT4,1.190000,51.660000
31UCU1,0.380000,53.000000
31UCU2,0.390000,52.550000
31UCU3,1.140000,53.010000
31UCU4,1.160000,52.560000
31UCV2,0.370000,53.450000
31UDP1,1.980000,48.520000
31UDP2,1.990000,48.070000
31UDP3,2.660000,48.530000
31UDP4,2.660000,48.080000
31UDQ1,1.970000,49.420000
31UDQ2,1.980000,48.970000
31UDQ3,2.660000,49.430000
31UDQ4,2.660000,48.980000
31UDR1,1.950000,50.320000
31UDR2,1.960000,49.870000
31UDR3,2.650000,50.330000
31UDR4,2.650000,49.880000
31UDS2,1.940000,50.770000
31UDS3,2.640000,51.230000
31UDS4,2.650000,50.780000
31UDT1,1.900000,52.120000
31UDU2,1.890000,52.570000
31UEP1,3.340000,48.530000
31UEP2,3.340000,48.080000
31UEP3,4.020000,48.520000
31UEP4,4.010000,48.070000
31UEQ1,3.340000,49.430000
31UEQ2,3.340000,48.980000
31UEQ3,4.030000,49.420000
31UEQ4,4.020000,48.970000
31UER1,3.350000,50.330000
31UER2,3.350000,49.880000
31UER3,4.050000,50.320000
31UER4,4.040000,49.870000
31UES1,3.360000,51.230000
31UES2,3.350000,50.780000
31UES3,4.070000,51.220000
31UES4,4.060000,50.770000
31UET2,3.360000,51.680000
31UET3,4.100000,52.120000
31UET4,4.080000,51.670000
31UFP1,4.690000,48.520000
31UFP2,4.680000,48.070000
31UFP3,5.370000,48.500000
31UFP4,5.350000,48.050000
31UFQ1,4.720000,49.410000
31UFQ2,4.710000,48.970000
31UFQ3,5.410000,49.400000
31UFQ4,5.390000,48.950000
31UFR1,4.760000,50.310000
31UFR2,4.740000,49.860000
31UFR3,5.550000,50.300000
31UFR4,5.430000,49.850000
31UFS1,4.790000,51.210000
31UFS2,4.770000,50.760000
31UFS3,5.570000,51.200000
31UFS4,5.560000,50.750000
31UFT1,4.830000,52.110000
31UFT2,4.810000,51.660000
31UFT3,5.600000,52.100000
31UFT4,5.580000,51.650000
31UFU1,4.860000,53.010000
31UFU2,4.840000,52.560000
31UFU3,5.620000,53.000000
31UFU4,5.610000,52.550000
31UFV2,4.880000,53.460000
31UFV4,5.630000,53.450000
31UGP1,6.000000,48.490000
31UGP2,6.000000,48.040000
31UGQ1,6.000000,49.390000
32SMJ1,8.130000,39.520000
32SMJ2,8.130000,39.070000
32SMJ3,8.710000,39.520000
32SMJ4,8.710000,39.070000
32SMK4,8.710000,39.970000
32SNJ1,9.290000,39.520000
32SNJ2,9.290000,39.070000
32SNK2,9.290000,39.970000
32SNK4,9.880000,39.970000
32TKN3,6.270000,43.100000
32TKP3,6.250000,44.000000
32TKP4,6.260000,43.550000
32TKQ3,6.230000,44.890000
32TKQ4,6.240000,44.450000
32TKR3,6.210000,45.790000
32TKR4,6.220000,45.340000
32TLP1,6.820000,44.010000
32TLP2,6.830000,43.560000
32TLP3,7.440000,44.020000
32TLP4,7.450000,43.570000
32TLQ1,6.780000,44.910000
32TLQ2,6.800000,44.460000
32TLQ3,7.420000,44.920000
32TLQ4,7.430000,44.470000
32TLR1,6.750000,45.810000
32TLR2,6.770000,45.360000
32TLR3,7.390000,45.820000
32TLR4,7.400000,45.370000
32TLS1,6.710000,46.710000
32TLS2,6.730000,46.260000
32TLS3,7.360000,46.720000
32TLS4,7.380000,46.270000
32TLT1,6.670000,47.600000
32TLT2,6.690000,47.160000
32TLT3,7.340000,47.620000
32TLT4,7.350000,47.170000
32TMK1,8.120000,40.420000
32TMK3,8.710000,40.430000
32TML2,8.110000,40.870000
32TML3,8.700000,41.330000
32TML4,8.700000,40.880000
32TMM3,8.700000,42.230000
32TMM4,8.700000,41.780000
32TMN4,8.690000,42.680000
32TMP1,8.060000,44.020000
32TMP3,8.690000,44.030000
32TMQ1,8.050000,44.920000
32TMQ2,8.060000,44.470000
32TMQ3,8.680000,44.930000
32TMQ4,8.690000,44.480000
32TMR1,8.030000,45.820000
32TMR2,8.040000,45.370000
32TMR3,8.680000,45.830000
32TMR4,8.680000,45.380000
32TMS1,8.020000,46.720000
32TMS2,8.030000,46.270000
32TMS3,8.670000,46.730000
32TMS4,8.680000,46.280000
32TMT1,8.000000,47.620000
32TMT2,8.010000,47.170000
32TMT3,8.670000,47.630000
32TMT4,8.670000,47.180000
32TNK1,9.290000,40.430000
32TNK3,9.880000,40.420000
32TNL1,9.300000,41.330000
32TNL2,9.300000,40.880000
32TNL4,9.890000,40.870000
32TNM1,9.300000,42.230000
32TNM2,9.300000,41.780000
32TNN1,9.310000,43.130000
32TNN2,9.310000,42.680000
32TNN3,9.920000,43.120000
32TNN4,9.920000,42.670000
32TNP1,9.310000,44.030000
32TNP3,9.940000,44.020000
32TNQ1,9.320000,44.930000
32TNQ2,9.310000,44.480000
32TNQ3,9.950000,44.920000
32TNQ4,9.940000,44.470000
32TNR1,9.320000,45.830000
32TNR2,9.320000,45.380000
32TNR3,9.970000,45.820000
32TNR4,9.960000,45.370000
32TNS1,9.330000,46.730000
32TNS2,9.320000,46.280000
32TNS3,9.980000,46.720000
32TNS4,9.970000,46.270000
32TNT1,9.330000,47.630000
32TNT2,9.330000,47.180000
32TNT3,10.000000,47.620000
32TNT4,9.990000,47.170000
32TPM1,10.510000,42.220000
32TPM3,11.120000,42.210000
32TPN1,10.540000,43.120000
32TPN2,10.530000,42.670000
32TPN3,11.150000,43.110000
32TPN4,11.140000,42.660000
32TPP1,10.560000,44.020000
32TPP2,10.550000,43.570000
32TPP3,11.180000,44.010000
32TPP4,11.170000,43.560000
32TPQ1,10.580000,44.920000
32TPQ2,10.570000,44.470000
32TPQ3,11.220000,44.910000
32TPQ4,11.200000,44.460000
32TPR1,10.610000,45.820000
32TPR2,10.600000,45.370000
32TPR3,11.250000,45.810000
32TPR4,11.230000,45.360000
32TPS1,10.640000,46.720000
32TPS2,10.620000,46.270000
32TPS3,11.290000,46.710000
32TPS4,11.270000,46.260000
32TPT1,10.660000,47.620000
32TPT2,10.650000,47.170000
32TPT3,11.330000,47.600000
32TPT4,11.310000,47.160000
32TQM1,11.710000,42.200000
32TQN1,11.730000,43.100000
32TQN2,11.720000,42.650000
32TQP1,11.750000,44.000000
32TQP2,11.740000,43.550000
32TQQ1,11.770000,44.890000
32TQQ2,11.760000,44.450000
32TQR1,11.790000,45.790000
32TQR2,11.780000,45.340000
32TQS1,12.000000,46.690000
32TQS2,12.000000,46.240000
32TQT1,12.000000,47.590000
32TQT2,12.000000,47.140000
32ULA1,6.450000,50.300000
32ULA2,6.570000,49.850000
32ULA3,7.240000,50.310000
32ULA4,7.260000,49.860000
32ULB1,6.430000,51.200000
32ULB2,6.440000,50.750000
32ULB3,7.210000,51.210000
32ULB4,7.230000,50.760000
32ULC1,6.400000,52.100000
32ULC2,6.420000,51.650000
32ULC3,7.170000,52.110000
32ULC4,7.190000,51.660000
32ULD1,6.380000,53.000000
32ULD2,6.390000,52.550000
32ULD3,7.140000,53.010000
32ULD4,7.160000,52.560000
32ULE2,6.370000,53.450000
32ULE3,7.100000,53.910000
32ULE4,7.120000,53.460000
32ULU1,6.630000,48.500000
32ULU2,6.650000,48.050000
32ULU3,7.310000,48.520000
32ULU4,7.320000,48.070000
32ULV1,6.590000,49.400000
32ULV2,6.610000,48.950000
32ULV3,7.280000,49.410000
32ULV4,7.290000,48.970000
32UMA1,7.950000,50.320000
32UMA2,7.960000,49.870000
32UMA3,8.650000,50.330000
32UMA4,8.650000,49.880000
32UMB1,7.930000,51.220000
32UMB2,7.940000,50.770000
32UMB3,8.640000,51.230000
32UMB4,8.650000,50.780000
32UMC1,7.900000,52.120000
32UMC2,7.920000,51.670000
32UMC3,8.630000,52.130000
32UMC4,8.640000,51.680000
32UMD1,7.880000,53.020000
32UMD2,7.890000,52.570000
32UMD3,8.630000,53.020000
32UMD4,8.630000,52.570000
32UME1,7.860000,53.920000
32UME2,7.870000,53.470000
32UME3,8.620000,53.920000
32UME4,8.620000,53.470000
32UMF3,8.610000,54.820000
32UMF4,8.620000,54.370000
32UMG1,7.810000,55.710000
32UMG3,8.600000,55.720000
32UMG4,8.610000,55.270000
32UMU1,7.980000,48.520000
32UMU2,7.990000,48.070000
32UMU3,8.660000,48.530000
32UMU4,8.660000,48.080000
32UMV1,7.970000,49.420000
32UMV2,7.980000,48.970000
32UMV3,8.660000,49.430000
32UMV4,8.660000,48.980000
32UNA1,9.350000,50.330000
32UNA2,9.350000,49.880000
32UNA3,10.050000,50.320000
32UNA4,10.040000,49.870000
32UNB1,9.360000,51.230000
32UNB2,9.350000,50.780000
32UNB3,10.070000,51.220000
32UNB4,10.060000,50.770000
32UNC1,9.370000,52.130000
32UNC2,9.360000,51.680000
32UNC3,10.100000,52.120000
32UNC4,10.080000,51.670000
32UND1,9.370000,53.020000
32UND2,9.370000,52.570000
32UND3,10.120000,53.020000
32UND4,10.110000,52.570000
32UNE1,9.380000,53.920000
32UNE2,9.380000,53.470000
32UNE3,10.140000,53.920000
32UNE4,10.130000,53.470000
32UNF1,9.390000,54.820000
32UNF2,9.380000,54.370000
32UNF3,10.170000,54.820000
32UNF4,10.150000,54.370000
32UNG1,9.400000,55.720000
32UNG2,9.390000,55.270000
32UNG3,10.190000,55.710000
32UNG4,10.180000,55.270000
32UNU1,9.340000,48.530000
32UNU2,9.340000,48.080000
32UNU3,10.020000,48.520000
32UNU4,10.010000,48.070000
32UNV1,9.340000,49.430000
32UNV2,9.340000,48.980000
32UNV3,10.030000,49.420000
32UNV4,10.020000,48.970000
32UPA1,10.760000,50.310000
32UPA2,10.740000,49.860000
32UPA3,11.550000,50.300000
32UPA4,11.430000,49.850000
32UPB1,10.790000,51.210000
32UPB2,10.770000,50.760000
32UPB3,11.570000,51.200000
32UPB4,11.560000,50.750000
32UPC1,10.830000,52.110000
32UPC2,10.810000,51.660000
32UPC3,11.600000,52.100000
32UPC4,11.580000,51.650000
32UPD1,10.860000,53.010000
32UPD2,10.840000,52.560000
32UPD3,11.620000,53.000000
32UPD4,11.610000,52.550000
32UPE1,10.900000,53.910000
32UPE2,10.880000,53.460000
32UPE3,11.640000,53.890000
32UPE4,11.630000,53.450000
32UPF1,10.940000,54.810000
32UPF2,10.920000,54.360000
32UPF3,11.670000,54.790000
32UPF4,11.650000,54.340000
32UPG1,10.990000,55.700000
32UPG2,10.970000,55.260000
32UPG3,11.690000,55.690000
32UPG4,11.680000,55.240000
32UPU1,10.690000,48.520000
32UPU2,10.680000,48.070000
32UPU3,11.370000,48.500000
32UPU4,11.350000,48.050000
32UPV1,10.720000,49.410000
32UPV2,10.710000,48.970000
32UPV3,11.410000,49.400000
32UPV4,11.390000,48.950000
32UQU1,12.000000,48.490000
32UQU2,12.000000,48.040000
32VKL3,5.050000,59.250000
32VKL4,5.100000,58.810000
32VKM3,4.950000,60.150000
32VKM4,5.000000,59.700000
32VKN3,4.830000,61.050000
32VKN4,4.890000,60.600000
32VKP3,4.710000,61.940000
32VKP4,4.770000,61.490000
32VLK1,6.010000,58.380000
32VLK3,6.860000,58.400000
32VLK4,6.890000,57.950000
32VLL1,5.930000,59.280000
32VLL2,5.970000,58.830000
32VLL3,6.810000,59.300000
32VLL4,6.830000,58.850000
32VLM3,6.750000,60.190000
32VLM4,6.780000,59.740000
32VLN3,6.680000,61.090000
32VLN4,6.710000,60.640000
32VLP1,5.660000,61.970000
32VLP2,5.710000,61.520000
32VLP3,6.610000,61.990000
32VLP4,6.650000,61.540000
32VLQ2,5.610000,62.410000
32VLQ3,6.540000,62.880000
32VLQ4,6.580000,62.440000
32VMH1,7.780000,56.610000
32VMH2,7.790000,56.160000
32VMH3,8.590000,56.620000
32VMH4,8.600000,56.170000
32VMJ4,8.590000,57.070000
32VMK1,7.720000,58.410000
32VMK2,7.730000,57.960000
32VMK3,8.570000,58.420000
32VML1,7.680000,59.310000
32VML2,7.700000,58.860000
32VML3,8.560000,59.310000
32VML4,8.570000,58.860000
32VMM1,7.650000,60.200000
32VMM2,7.670000,59.760000
32VMM3,8.550000,60.210000
32VMM4,8.550000,59.760000
32VMN1,7.610000,61.100000
32VMN2,7.630000,60.650000
32VMN3,8.540000,61.110000
32VMN4,8.540000,60.660000
32VMP1,7.570000,62.000000
32VMP2,7.590000,61.550000
32VMP3,8.520000,62.010000
32VMP4,8.530000,61.560000
32VMQ1,7.520000,62.900000
32VMQ2,7.550000,62.450000
32VMQ3,8.510000,62.900000
32VMQ4,8.520000,62.460000
32VMR2,7.500000,63.350000
32VMR3,8.490000,63.800000
32VMR4,8.500000,63.350000
32VNH1,9.410000,56.620000
32VNH2,9.400000,56.170000
32VNH3,10.220000,56.610000
32VNH4,10.210000,56.160000
32VNJ1,9.420000,57.520000
32VNJ2,9.410000,57.070000
32VNJ3,10.250000,57.510000
32VNJ4,10.240000,57.060000
32VNK4,10.270000,57.960000
32VNL1,9.440000,59.310000
32VNL2,9.430000,58.860000
32VNL3,10.320000,59.310000
32VNL4,10.300000,58.860000
32VNM1,9.450000,60.210000
32VNM2,9.450000,59.760000
32VNM3,10.350000,60.200000
32VNM4,10.330000,59.760000
32VNN1,9.460000,61.110000
32VNN2,9.460000,60.660000
32VNN3,10.390000,61.100000
32VNN4,10.370000,60.650000
32VNP1,9.480000,62.010000
32VNP2,9.470000,61.560000
32VNP3,10.430000,62.000000
32VNP4,10.410000,61.550000
32VNQ1,9.490000,62.900000
32VNQ2,9.480000,62.460000
32VNQ3,10.480000,62.900000
32VNQ4,10.450000,62.450000
32VNR1,9.510000,63.800000
32VNR2,9.500000,63.350000
32VNR3,10.520000,63.790000
32VNR4,10.500000,63.350000
32VPH1,11.040000,56.600000
32VPH2,11.010000,56.150000
32VPH3,11.720000,56.590000
32VPH4,11.710000,56.140000
32VPJ2,11.060000,57.050000
32VPJ3,12.000000,57.480000
32VPJ4,12.000000,57.030000
32VPK1,11.140000,58.400000
32VPK3,12.000000,58.380000
32VPK4,12.000000,57.930000
32VPL1,11.190000,59.300000
32VPL2,11.170000,58.850000
32VPL3,12.000000,59.280000
32VPL4,12.000000,58.830000
32VPM1,11.250000,60.190000
32VPM2,11.220000,59.740000
32VPN1,11.430000,61.090000
32VPN2,11.410000,60.640000
32VPP1,11.450000,61.990000
32VPP2,11.440000,61.540000
32VPQ1,11.480000,62.880000
32VPQ2,11.470000,62.430000
32VPR1,11.510000,63.780000
32VPR2,11.500000,63.330000
32WNS3,10.570000,64.690000
32WNS4,10.550000,64.240000
32WPS1,11.550000,64.680000
32WPS2,11.530000,64.230000
32WPT1,11.580000,65.580000
32WPT2,11.570000,65.130000
33STB3,12.370000,37.690000
33STC4,12.360000,38.140000
33STV4,12.520000,35.440000
33SUB1,13.010000,37.710000
33SUB2,13.030000,37.260000
33SUB3,13.580000,37.710000
33SUB4,13.590000,37.260000
33SUC1,12.990000,38.610000
33SUC2,13.000000,38.160000
33SUC4,13.570000,38.160000
33SUV1,13.060000,35.900000
33SVA1,14.160000,36.820000
33SVA3,14.720000,36.820000
33SVB1,14.150000,37.720000
33SVB2,14.150000,37.270000
33SVB3,14.720000,37.720000
33SVB4,14.720000,37.270000
33SVC1,14.140000,38.620000
33SVC2,14.140000,38.170000
33SVC3,14.710000,38.620000
33SVC4,14.710000,38.170000
33SVV1,14.170000,35.920000
33SVV3,14.720000,35.920000
33SWA1,15.280000,36.820000
33SWB1,15.280000,37.720000
33SWB2,15.280000,37.270000
33SWC1,15.290000,38.620000
33SWC2,15.290000,38.170000
33SWC3,15.860000,38.620000
33SWC4,15.860000,38.170000
33SWD3,15.870000,39.520000
33SWD4,15.870000,39.070000
33SWE2,15.290000,39.970000
33SWE4,15.880000,39.970000
33SXC1,16.440000,38.610000
33SXC2,16.430000,38.160000
33SXD1,16.450000,39.520000
33SXD2,16.440000,39.070000
33SXD3,17.040000,39.510000
33SXD4,17.020000,39.060000
33SXE2,16.460000,39.970000
33SYE2,17.670000,39.940000
33TTG3,12.290000,42.200000
33TTG4,12.300000,41.740000
33TTH3,12.270000,43.100000
33TTH4,12.280000,42.650000
33TTJ3,12.250000,44.000000
33TTJ4,12.260000,43.550000
33TTK3,12.230000,44.890000
33TTK4,12.240000,44.450000
33TTL3,12.210000,45.790000
33TTL4,12.220000,45.340000
33TUF1,12.910000,41.310000
33TUF3,13.510000,41.320000
33TUG1,12.880000,42.210000
33TUG2,12.900000,41.760000
33TUG3,13.490000,42.220000
33TUG4,13.500000,41.770000
33TUH1,12.850000,43.110000
33TUH2,12.860000,42.660000
33TUH3,13.460000,43.120000
33TUH4,13.470000,42.670000
33TUJ1,12.820000,44.010000
33TUJ2,12.830000,43.560000
33TUJ4,13.450000,43.570000
33TUK1,12.780000,44.910000
33TUK3,13.420000,44.920000
33TUL1,12.750000,45.810000
33TUL2,12.770000,45.360000
33TUL3,13.390000,45.820000
33TUL4,13.400000,45.370000
33TUM1,12.710000,46.710000
33TUM2,12.730000,46.260000
33TUM3,13.360000,46.720000
33TUM4,13.380000,46.270000
33TUN1,12.670000,47.600000
33TUN2,12.690000,47.160000
33TUN3,13.340000,47.620000
33TUN4,13.350000,47.170000
33TVE1,14.120000,40.420000
33TVE3,14.710000,40.430000
33TVF1,14.100000,41.320000
33TVF2,14.110000,40.870000
33TVF3,14.700000,41.330000
33TVF4,14.700000,40.880000
33TVG1,14.090000,42.220000
33TVG2,14.100000,41.770000
33TVG3,14.700000,42.230000
33TVG4,14.700000,41.780000
33TVH1,14.080000,43.120000
33TVH2,14.080000,42.670000
33TVJ3,14.690000,44.030000
33TVK1,14.050000,44.920000
33TVK2,14.060000,44.470000
33TVK3,14.680000,44.930000
33TVK4,14.690000,44.480000
33TVL1,14.030000,45.820000
33TVL2,14.040000,45.370000
33TVL3,14.680000,45.830000
33TVL4,14.680000,45.380000
33TVM1,14.020000,46.720000
33TVM2,14.030000,46.270000
33TVM3,14.670000,46.730000
33TVM4,14.680000,46.280000
33TVN1,14.000000,47.620000
33TVN2,14.010000,47.170000
33TVN3,14.670000,47.630000
33TVN4,14.670000,47.180000
33TWE1,15.290000,40.430000
33TWE3,15.880000,40.420000
33TWF1,15.300000,41.330000
33TWF2,15.300000,40.880000
33TWF3,15.900000,41.320000
33TWF4,15.890000,40.870000
33TWG2,15.300000,41.780000
33TWG4,15.900000,41.770000
33TWH3,15.920000,43.120000
33TWJ1,15.310000,44.030000
33TWJ3,15.940000,44.020000
33TWJ4,15.930000,43.570000
33TWK1,15.320000,44.930000
33TWK2,15.310000,44.480000
33TWK3,15.950000,44.920000
33TWK4,15.940000,44.470000
33TWL1,15.320000,45.830000
33TWL2,15.320000,45.380000
33TWL3,15.970000,45.820000
33TWL4,15.960000,45.370000
33TWM1,15.330000,46.730000
33TWM2,15.320000,46.280000
33TWM3,15.980000,46.720000
33TWM4,15.970000,46.270000
33TWN1,15.330000,47.630000
33TWN2,15.330000,47.180000
33TWN3,16.000000,47.620000
33TWN4,15.990000,47.170000
33TXE1,16.470000,40.420000
33TXE3,17.060000,40.410000
33TXF1,16.490000,41.320000
33TXF2,16.480000,40.870000
33TXF4,17.080000,40.860000
33TXH1,16.540000,43.120000
33TXH3,17.150000,43.110000
33TXH4,17.140000,42.660000
33TXJ1,16.560000,44.020000
33TXJ2,16.550000,43.570000
33TXJ3,17.180000,44.010000
33TXJ4,17.170000,43.560000
33TXK1,16.580000,44.920000
33TXK2,16.570000,44.470000
33TXK3,17.220000,44.910000
33TXK4,17.200000,44.460000
33TXL1,16.610000,45.820000
33TXL2,16.600000,45.370000
33TXL3,17.250000,45.810000
33TXL4,17.230000,45.360000
33TXM1,16.640000,46.720000
33TXM2,16.620000,46.270000
33TXM3,17.290000,46.710000
33TXM4,17.270000,46.260000
33TXN1,16.660000,47.620000
33TXN2,16.650000,47.170000
33TXN3,17.330000,47.600000
33TXN4,17.310000,47.160000
33TYE1,17.680000,40.390000
33TYF2,17.690000,40.840000
33TYH1,17.730000,43.100000
33TYH2,17.720000,42.650000
33TYJ1,17.750000,44.000000
33TYJ2,17.740000,43.550000
33TYK1,17.770000,44.890000
33TYK2,17.760000,44.450000
33TYL1,17.790000,45.790000
33TYL2,17.780000,45.340000
33TYM1,18.000000,46.690000
33TYM2,18.000000,46.240000
33TYN1,18.000000,47.590000
33TYN2,18.000000,47.140000
33UUA1,12.330000,54.790000
33UUA2,12.350000,54.340000
33UUA3,13.060000,54.810000
33UUA4,13.080000,54.360000
33UUB1,12.310000,55.690000
33UUB2,12.320000,55.240000
33UUB3,13.010000,55.700000
33UUB4,13.030000,55.260000
33UUP1,12.630000,48.500000
33UUP2,12.650000,48.050000
33UUP3,13.310000,48.520000
33UUP4,13.320000,48.070000
33UUQ1,12.590000,49.400000
33UUQ2,12.610000,48.950000
33UUQ3,13.280000,49.410000
33UUQ4,13.290000,48.970000
33UUR1,12.450000,50.300000
33UUR2,12.570000,49.850000
33UUR3,13.240000,50.310000
33UUR4,13.260000,49.860000
33UUS1,12.430000,51.200000
33UUS2,12.440000,50.750000
33UUS3,13.210000,51.210000
33UUS4,13.230000,50.760000
33UUT1,12.400000,52.100000
33UUT2,12.420000,51.650000
33UUT3,13.170000,52.110000
33UUT4,13.190000,51.660000
33UUU1,12.380000,53.000000
33UUU2,12.390000,52.550000
33UUU3,13.140000,53.010000
33UUU4,13.160000,52.560000
33UUV1,12.360000,53.890000
33UUV2,12.370000,53.450000
33UUV3,13.100000,53.910000
33UUV4,13.120000,53.460000
33UVA2,13.850000,54.370000
33UVB1,13.810000,55.710000
33UVB2,13.820000,55.270000
33UVB3,14.600000,55.720000
33UVB4,14.610000,55.270000
33UVP1,13.980000,48.520000
33UVP2,13.990000,48.070000
33UVP3,14.660000,48.530000
33UVP4,14.660000,48.080000
33UVQ1,13.970000,49.420000
33UVQ2,13.980000,48.970000
33UVQ3,14.660000,49.430000
33UVQ4,14.660000,48.980000
33UVR1,13.950000,50.320000
33UVR2,13.960000,49.870000
33UVR3,14.650000,50.330000
33UVR4,14.650000,49.880000
33UVS1,13.930000,51.220000
33UVS2,13.940000,50.770000
33UVS3,14.640000,51.230000
33UVS4,14.650000,50.780000
33UVT1,13.900000,52.120000
33UVT2,13.920000,51.670000
33UVT3,14.630000,52.130000
33UVT4,14.640000,51.680000
33UVU1,13.880000,53.020000
33UVU2,13.890000,52.570000
33UVU3,14.630000,53.020000
33UVU4,14.630000,52.570000
33UVV1,13.860000,53.920000
33UVV2,13.870000,53.470000
33UVV3,14.620000,53.920000
33UVV4,14.620000,53.470000
33UWA2,15.380000,54.370000
33UWA4,16.150000,54.370000
33UWB2,15.390000,55.270000
33UWP1,15.340000,48.530000
33UWP2,15.340000,48.080000
33UWP3,16.020000,48.520000
33UWP4,16.010000,48.070000
33UWQ1,15.340000,49.430000
33UWQ2,15.340000,48.980000
33UWQ3,16.030000,49.420000
33UWQ4,16.020000,48.970000
33UWR1,15.350000,50.330000
33UWR2,15.350000,49.880000
33UWR3,16.050000,50.320000
33UWR4,16.040000,49.870000
33UWS1,15.360000,51.230000
33UWS2,15.350000,50.780000
33UWS3,16.070000,51.220000
33UWS4,16.060000,50.770000
33UWT1,15.370000,52.130000
33UWT2,15.360000,51.680000
33UWT3,16.100000,52.120000
33UWT4,16.080000,51.670000
33UWU1,15.370000,53.020000
33UWU2,15.370000,52.570000
33UWU3,16.120000,53.020000
33UWU4,16.110000,52.570000
33UWV1,15.380000,53.920000
33UWV2,15.380000,53.470000
33UWV3,16.140000,53.920000
33UWV4,16.130000,53.470000
33UXA1,16.940000,54.810000
33UXA2,16.920000,54.360000
33UXA3,17.670000,54.790000
33UXA4,17.650000,54.340000
33UXP1,16.690000,48.520000
33UXP2,16.680000,48.070000
33UXP3,17.370000,48.500000
33UXP4,17.350000,48.050000
33UXQ1,16.720000,49.410000
33UXQ2,16.710000,48.970000
33UXQ3,17.410000,49.400000
33UXQ4,17.390000,48.950000
33UXR1,16.760000,50.310000
33UXR2,16.740000,49.860000
33UXR3,17.550000,50.300000
33UXR4,17.430000,49.850000
33UXS1,16.790000,51.210000
33UXS2,16.770000,50.760000
33UXS3,17.570000,51.200000
33UXS4,17.560000,50.750000
33UXT1,16.830000,52.110000
33UXT2,16.810000,51.660000
33UXT3,17.600000,52.100000
33UXT4,17.580000,51.650000
33UXU1,16.860000,53.010000
33UXU2,16.840000,52.560000
33UXU3,17.620000,53.000000
33UXU4,17.610000,52.550000
33UXV1,16.900000,53.910000
33UXV2,16.880000,53.460000
33UXV3,17.640000,53.890000
33UXV4,17.630000,53.450000
33UYP1,18.000000,48.490000
33UYP2,18.000000,48.040000
33UYQ2,18.000000,48.940000
33VUC1,12.280000,56.590000
33VUC2,12.290000,56.140000
33VUC3,12.960000,56.600000
33VUC4,12.990000,56.150000
33VUD3,12.910000,57.500000
33VUD4,12.940000,57.050000
33VUE3,12.860000,58.400000
33VUE4,12.890000,57.950000
33VUF3,12.810000,59.300000
33VUF4,12.830000,58.850000
33VUG3,12.750000,60.190000
33VUG4,12.780000,59.740000
33VUH3,12.570000,61.090000
33VUH4,12.590000,60.640000
33VUJ3,12.550000,61.990000
33VUJ4,12.560000,61.540000
33VUK3,12.520000,62.880000
33VUK4,12.530000,62.430000
33VUL3,12.490000,63.780000
33VUL4,12.500000,63.330000
33VVC1,13.780000,56.610000
33VVC2,13.790000,56.160000
33VVC3,14.590000,56.620000
33VVC4,14.600000,56.170000
33VVD1,13.750000,57.510000
33VVD2,13.760000,57.060000
33VVD3,14.580000,57.520000
33VVD4,14.590000,57.070000
33VVE1,13.720000,58.410000
33VVE2,13.730000,57.960000
33VVE3,14.570000,58.420000
33VVE4,14.580000,57.970000
33VVF1,13.680000,59.310000
33VVF2,13.700000,58.860000
33VVF3,14.560000,59.310000
33VVF4,14.570000,58.860000
33VVG1,13.650000,60.200000
33VVG2,13.670000,59.760000
33VVG3,14.550000,60.210000
33VVG4,14.560000,59.760000
33VVH1,13.610000,61.100000
33VVH2,13.630000,60.650000
33VVH3,14.540000,61.110000
33VVH4,14.540000,60.660000
33VVJ1,13.570000,62.000000
33VVJ2,13.590000,61.550000
33VVJ3,14.520000,62.010000
33VVJ4,14.530000,61.560000
33VVK1,13.520000,62.900000
33VVK2,13.550000,62.450000
33VVK3,14.510000,62.900000
33VVK4,14.520000,62.460000
33VVL1,13.480000,63.790000
33VVL2,13.500000,63.350000
33VVL3,14.490000,63.800000
33VVL4,14.500000,63.350000
33VWC1,15.410000,56.620000
33VWC2,15.400000,56.170000
33VWC3,16.220000,56.610000
33VWC4,16.210000,56.160000
33VWD1,15.420000,57.520000
33VWD2,15.410000,57.070000
33VWD3,16.250000,57.510000
33VWD4,16.240000,57.060000
33VWE1,15.430000,58.420000
33VWE2,15.420000,57.970000
33VWE3,16.280000,58.410000
33VWE4,16.270000,57.960000
33VWF1,15.440000,59.310000
33VWF2,15.430000,58.860000
33VWF3,16.320000,59.310000
33VWF4,16.300000,58.860000
33VWG1,15.450000,60.210000
33VWG2,15.450000,59.760000
33VWG3,16.350000,60.200000
33VWG4,16.330000,59.760000
33VWH1,15.460000,61.110000
33VWH2,15.460000,60.660000
33VWH3,16.390000,61.100000
33VWH4,16.370000,60.650000
33VWJ1,15.480000,62.010000
33VWJ2,15.470000,61.560000
33VWJ3,16.430000,62.000000
33VWJ4,16.410000,61.550000
33VWK1,15.490000,62.900000
33VWK2,15.480000,62.460000
33VWK3,16.480000,62.900000
33VWK4,16.450000,62.450000
33VWL1,15.510000,63.800000
33VWL2,15.500000,63.350000
33VWL3,16.520000,63.790000
33VWL4,16.500000,63.350000
33VXC1,17.040000,56.600000
33VXD1,17.090000,57.500000
33VXD2,17.060000,57.050000
33VXD3,18.000000,57.480000
33VXD4,18.000000,57.030000
33VXE1,17.140000,58.400000
33VXE2,17.110000,57.950000
33VXE4,18.000000,57.930000
33VXF1,17.190000,59.300000
33VXF2,17.170000,58.850000
33VXF3,18.000000,59.280000
33VXF4,18.000000,58.830000
33VXG1,17.250000,60.190000
33VXG2,17.220000,59.740000
33VXH1,17.430000,61.090000
33VXH2,17.410000,60.640000
33VXJ1,17.450000,61.990000
33VXJ2,17.440000,61.540000
33VXK1,17.480000,62.880000
33VXK2,17.470000,62.430000
33VXL1,17.510000,63.780000
33VXL2,17.500000,63.330000
33WUM3,12.450000,64.680000
33WUM4,12.470000,64.230000
33WUN3,12.420000,65.580000
33WUN4,12.430000,65.130000
33WUP3,12.380000,66.470000
33WUP4,12.400000,66.020000
33WVM1,13.430000,64.690000
33WVM2,13.450000,64.240000
33WVM3,14.480000,64.700000
33WVM4,14.480000,64.250000
33WVN1,13.370000,65.590000
33WVN2,13.400000,65.140000
33WVN3,14.460000,65.600000
33WVN4,14.470000,65.150000
33WVP1,13.320000,66.490000
33WVP2,13.350000,66.040000
33WVP3,14.440000,66.490000
33WVP4,14.450000,66.040000
33WVQ2,13.280000,66.930000
33WVQ3,14.420000,67.390000
33WVQ4,14.430000,66.940000
33WVR1,13.180000,68.280000
33WVR2,13.220000,67.830000
33WVR3,14.390000,68.290000
33WVS4,14.380000,68.740000
33WWM1,15.520000,64.700000
33WWM2,15.520000,64.250000
33WWM3,16.570000,64.690000
33WWM4,16.550000,64.240000
33WWN1,15.540000,65.600000
33WWN2,15.530000,65.150000
33WWN3,16.630000,65.590000
33WWN4,16.600000,65.140000
33WWP1,15.560000,66.490000
33WWP2,15.550000,66.040000
33WWP3,16.680000,66.490000
33WWP4,16.660000,66.040000
33WWQ1,15.580000,67.390000
33WWQ2,15.570000,66.940000
33WWQ3,16.750000,67.380000
33WWQ4,16.720000,66.930000
33WWR1,15.610000,68.290000
33WWR2,15.590000,67.840000
33WWR3,16.820000,68.280000
33WWR4,16.780000,67.830000
33WWS1,15.630000,69.180000
33WWS2,15.620000,68.740000
33WWS3,16.890000,69.170000
33WWS4,16.850000,68.730000
33WWT4,16.930000,69.620000
33WXM1,17.550000,64.680000
33WXM2,17.530000,64.230000
33WXN1,17.580000,65.580000
33WXN2,17.570000,65.130000
33WXP1,17.620000,66.470000
33WXP2,17.600000,66.020000
33WXQ1,18.000000,67.360000
33WXQ2,18.000000,66.910000
33WXR1,18.000000,68.260000
33WXR2,18.000000,67.810000
33WXS2,18.000000,68.710000
33XVF3,13.990000,77.250000
33XVG1,11.730000,78.130000
33XVG3,13.910000,78.150000
33XVG4,13.950000,77.700000
33XVH1,11.470000,79.020000
33XVH2,11.610000,78.580000
33XVH3,13.820000,79.040000
33XVH4,13.870000,78.590000
33XVJ1,11.160000,79.920000
33XVJ2,11.320000,79.470000
33XVJ3,13.720000,79.940000
33XVJ4,13.770000,79.490000
33XWF1,16.010000,77.250000
33XWF2,15.980000,76.800000
33XWF3,18.040000,77.240000
33XWG1,16.090000,78.150000
33XWG2,16.050000,77.700000
33XWG3,18.270000,78.130000
33XWG4,18.150000,77.680000
33XWH1,16.180000,79.040000
33XWH2,16.130000,78.590000
33XWH4,18.390000,78.580000
33XWJ1,16.280000,79.940000
33XWJ3,18.840000,79.920000
33XWJ4,18.680000,79.470000
33XWK4,19.340000,80.360000
33XXC1,19.200000,74.520000
33XXG1,20.180000,78.100000
33XXH2,20.260000,78.550000
33XXJ2,21.000000,79.440000
34SBK4,18.330000,39.940000
34SCJ3,19.550000,39.520000
34SCK4,19.540000,39.970000
34SDG3,20.720000,37.720000
34SDH2,20.140000,38.170000
34SDH3,20.710000,38.620000
34SDH4,20.710000,38.170000
34SDJ1,20.130000,39.520000
34SDJ3,20.710000,39.520000
34SDJ4,20.710000,39.070000
34SDK2,20.120000,39.970000
34SDK4,20.710000,39.970000
34SEF3,21.840000,36.820000
34SEG1,21.280000,37.720000
34SEG3,21.850000,37.720000
34SEG4,21.850000,37.270000
34SEH1,21.290000,38.620000
34SEH2,21.290000,38.170000
34SEH3,21.860000,38.620000
34SEH4,21.860000,38.170000
34SEJ1,21.290000,39.520000
34SEJ2,21.290000,39.070000
34SEJ3,21.870000,39.520000
34SEJ4,21.870000,39.070000
34SEK2,21.290000,39.970000
34SEK4,21.880000,39.970000
34SFF1,22.400000,36.810000
34SFF2,22.390000,36.360000
34SFF3,22.960000,36.800000
34SFF4,22.950000,36.350000
34SFG1,22.420000,37.710000
34SFG2,22.410000,37.260000
34SFG3,22.990000,37.710000
34SFG4,22.970000,37.260000
34SFH1,22.440000,38.610000
34SFH2,22.430000,38.160000
34SFH3,23.010000,38.610000
34SFH4,23.000000,38.160000
34SFJ1,22.450000,39.520000
34SFJ2,22.440000,39.070000
34SFJ3,23.040000,39.510000
34SFJ4,23.020000,39.060000
34SFK2,22.460000,39.970000
34SFK4,23.050000,39.960000
34SGD3,24.000000,34.980000
34SGE1,23.490000,35.890000
34SGE2,23.480000,35.440000
34SGE4,24.000000,35.430000
34SGG1,23.630000,37.690000
34SGG2,23.540000,37.240000
34SGH1,23.650000,38.590000
34SGH2,23.640000,38.140000
34SGJ2,23.660000,39.040000
34SGK2,23.670000,39.940000
34TBK3,18.320000,40.390000
34TBN3,18.270000,43.100000
34TBN4,18.280000,42.650000
34TBP3,18.250000,44.000000
34TBP4,18.260000,43.550000
34TBQ3,18.230000,44.890000
34TBQ4,18.240000,44.450000
34TBR3,18.210000,45.790000
34TBR4,18.220000,45.340000
34TCK3,19.530000,40.420000
34TCL3,19.510000,41.320000
34TCL4,19.520000,40.870000
34TCM1,18.880000,42.210000
34TCM3,19.490000,42.220000
34TCM4,19.500000,41.770000
34TCN1,18.850000,43.110000
34TCN2,18.860000,42.660000
34TCN3,19.460000,43.120000
34TCN4,19.470000,42.670000
34TCP1,18.820000,44.010000
34TCP2,18.830000,43.560000
34TCP3,19.440000,44.020000
34TCP4,19.450000,43.570000
34TCQ1,18.780000,44.910000
34TCQ2,18.800000,44.460000
34TCQ3,19.420000,44.920000
34TCQ4,19.430000,44.470000
34TCR1,18.750000,45.810000
34TCR2,18.770000,45.360000
34TCR3,19.390000,45.820000
34TCR4,19.400000,45.370000
34TCS1,18.710000,46.710000
34TCS2,18.730000,46.260000
34TCS3,19.360000,46.720000
34TCS4,19.380000,46.270000
34TCT1,18.670000,47.600000
34TCT2,18.690000,47.160000
34TCT3,19.340000,47.620000
34TCT4,19.350000,47.170000
34TDK1,20.120000,40.420000
34TDK3,20.710000,40.430000
34TDL1,20.100000,41.320000
34TDL2,20.110000,40.870000
34TDL3,20.700000,41.330000
34TDL4,20.700000,40.880000
34TDM1,20.090000,42.220000
34TDM2,20.100000,41.770000
34TDM3,20.700000,42.230000
34TDM4,20.700000,41.780000
34TDN1,20.080000,43.120000
34TDN2,20.080000,42.670000
34TDN3,20.690000,43.130000
34TDN4,20.690000,42.680000
34TDP1,20.060000,44.020000
34TDP2,20.070000,43.570000
34TDP3,20.690000,44.030000
34TDP4,20.690000,43.580000
34TDQ1,20.050000,44.920000
34TDQ2,20.060000,44.470000
34TDQ3,20.680000,44.930000
34TDQ4,20.690000,44.480000
34TDR1,20.030000,45.820000
34TDR2,20.040000,45.370000
34TDR3,20.680000,45.830000
34TDR4,20.680000,45.380000
34TDS1,20.020000,46.720000
34TDS2,20.030000,46.270000
34TDS3,20.670000,46.730000
34TDS4,20.680000,46.280000
34TDT1,20.000000,47.620000
34TDT2,20.010000,47.170000
34TDT3,20.670000,47.630000
34TDT4,20.670000,47.180000
34TEK1,21.290000,40.430000
34TEK3,21.880000,40.420000
34TEL1,21.300000,41.330000
34TEL2,21.300000,40.880000
34TEL3,21.900000,41.320000
34TEL4,21.890000,40.870000
34TEM1,21.300000,42.230000
34TEM2,21.300000,41.780000
34TEM3,21.910000,42.220000
34TEM4,21.900000,41.770000
34TEN1,21.310000,43.130000
34TEN2,21.310000,42.680000
34TEN3,21.920000,43.120000
34TEN4,21.920000,42.670000
34TEP1,21.310000,44.030000
34TEP2,21.310000,43.580000
34TEP3,21.940000,44.020000
34TEP4,21.930000,43.570000
34TEQ1,21.320000,44.930000
34TEQ2,21.310000,44.480000
34TEQ3,21.950000,44.920000
34TEQ4,21.940000,44.470000
34TER1,21.320000,45.830000
34TER2,21.320000,45.380000
34TER3,21.970000,45.820000
34TER4,21.960000,45.370000
34TES1,21.330000,46.730000
34TES2,21.320000,46.280000
34TES3,21.980000,46.720000
34TES4,21.970000,46.270000
34TET1,21.330000,47.630000
34TET2,21.330000,47.180000
34TET3,22.000000,47.620000
34TET4,21.990000,47.170000
34TFK1,22.470000,40.420000
34TFK3,23.060000,40.410000
34TFL1,22.490000,41.320000
34TFL2,22.480000,40.870000
34TFL3,23.090000,41.310000
34TFL4,23.080000,40.860000
34TFM1,22.510000,42.220000
34TFM2,22.500000,41.770000
34TFM3,23.120000,42.210000
34TFM4,23.110000,41.760000
34TFN1,22.540000,43.120000
34TFN2,22.530000,42.670000
34TFN3,23.150000,43.110000
34TFN4,23.140000,42.660000
34TFP1,22.560000,44.020000
34TFP2,22.550000,43.570000
34TFP3,23.180000,44.010000
34TFP4,23.170000,43.560000
34TFQ1,22.580000,44.920000
34TFQ2,22.570000,44.470000
34TFQ3,23.220000,44.910000
34TFQ4,23.200000,44.460000
34TFR1,22.610000,45.820000
34TFR2,22.600000,45.370000
34TFR3,23.250000,45.810000
34TFR4,23.230000,45.360000
34TFS1,22.640000,46.720000
34TFS2,22.620000,46.270000
34TFS3,23.290000,46.710000
34TFS4,23.270000,46.260000
34TFT1,22.660000,47.620000
34TFT2,22.650000,47.170000
34TFT3,23.330000,47.600000
34TFT4,23.310000,47.160000
34TGK1,23.680000,40.390000
34TGL1,23.690000,41.290000
34TGL2,23.690000,40.840000
34TGM1,23.710000,42.200000
34TGM2,23.700000,41.740000
34TGN1,23.730000,43.100000
34TGN2,23.720000,42.650000
34TGP1,23.750000,44.000000
34TGP2,23.740000,43.550000
34TGQ1,23.770000,44.890000
34TGQ2,23.760000,44.450000
34TGR1,23.790000,45.790000
34TGR2,23.780000,45.340000
34TGS1,24.000000,46.690000
34TGS2,24.000000,46.240000
34TGT1,24.000000,47.590000
34TGT2,24.000000,47.140000
34UCA1,18.450000,50.300000
34UCA2,18.570000,49.850000
34UCA3,19.240000,50.310000
34UCA4,19.260000,49.860000
34UCB1,18.430000,51.200000
34UCB2,18.440000,50.750000
34UCB3,19.210000,51.210000
34UCB4,19.230000,50.760000
34UCC1,18.400000,52.100000
34UCC2,18.420000,51.650000
34UCC3,19.170000,52.110000
34UCC4,19.190000,51.660000
34UCD1,18.380000,53.000000
34UCD2,18.390000,52.550000
34UCD3,19.140000,53.010000
34UCD4,19.160000,52.560000
34UCE1,18.360000,53.890000
34UCE2,18.370000,53.450000
34UCE3,19.100000,53.910000
34UCE4,19.120000,53.460000
34UCF1,18.330000,54.790000
34UCF2,18.350000,54.340000
34UCF3,19.060000,54.810000
34UCF4,19.080000,54.360000
34UCU1,18.630000,48.500000
34UCU2,18.650000,48.050000
34UCU3,19.310000,48.520000
34UCU4,19.320000,48.070000
34UCV1,18.590000,49.400000
34UCV2,18.610000,48.950000
34UCV3,19.280000,49.410000
34UCV4,19.290000,48.970000
34UDA1,19.950000,50.320000
34UDA2,19.960000,49.870000
34UDA3,20.650000,50.330000
34UDA4,20.650000,49.880000
34UDB1,19.930000,51.220000
34UDB2,19.940000,50.770000
34UDB3,20.640000,51.230000
34UDB4,20.650000,50.780000
34UDC1,19.900000,52.120000
34UDC2,19.920000,51.670000
34UDC3,20.630000,52.130000
34UDC4,20.640000,51.680000
34UDD1,19.880000,53.020000
34UDD2,19.890000,52.570000
34UDD3,20.630000,53.020000
34UDD4,20.630000,52.570000
34UDE1,19.860000,53.920000
34UDE2,19.870000,53.470000
34UDE3,20.620000,53.920000
34UDE4,20.620000,53.470000
34UDF1,19.830000,54.820000
34UDF2,19.850000,54.370000
34UDF3,20.610000,54.820000
34UDF4,20.620000,54.370000
34UDG4,20.610000,55.270000
34UDU1,19.980000,48.520000
34UDU2,19.990000,48.070000
34UDU3,20.660000,48.530000
34UDU4,20.660000,48.080000
34UDV1,19.970000,49.420000
34UDV2,19.980000,48.970000
34UDV3,20.660000,49.430000
34UDV4,20.660000,48.980000
34UEA1,21.350000,50.330000
34UEA2,21.350000,49.880000
34UEA3,22.050000,50.320000
34UEA4,22.040000,49.870000
34UEB1,21.360000,51.230000
34UEB2,21.350000,50.780000
34UEB3,22.070000,51.220000
34UEB4,22.060000,50.770000
34UEC1,21.370000,52.130000
34UEC2,21.360000,51.680000
34UEC3,22.100000,52.120000
34UEC4,22.080000,51.670000
34UED1,21.370000,53.020000
34UED2,21.370000,52.570000
34UED3,22.120000,53.020000
34UED4,22.110000,52.570000
34UEE1,21.380000,53.920000
34UEE2,21.380000,53.470000
34UEE3,22.140000,53.920000
34UEE4,22.130000,53.470000
34UEF1,21.390000,54.820000
34UEF2,21.380000,54.370000
34UEF3,22.170000,54.820000
34UEF4,22.150000,54.370000
34UEG1,21.400000,55.720000
34UEG2,21.390000,55.270000
34UEG3,22.190000,55.710000
34UEG4,22.180000,55.270000
34UEU1,21.340000,48.530000
34UEU2,21.340000,48.080000
34UEU3,22.020000,48.520000
34UEU4,22.010000,48.070000
34UEV1,21.340000,49.430000
34UEV2,21.340000,48.980000
34UEV3,22.030000,49.420000
34UEV4,22.020000,48.970000
34UFA1,22.760000,50.310000
34UFA2,22.740000,49.860000
34UFA3,23.550000,50.300000
34UFA4,23.430000,49.850000
34UFB1,22.790000,51.210000
34UFB2,22.770000,50.760000
34UFB3,23.570000,51.200000
34UFB4,23.560000,50.750000
34UFC1,22.830000,52.110000
34UFC2,22.810000,51.660000
34UFC3,23.600000,52.100000
34UFC4,23.580000,51.650000
34UFD1,22.860000,53.010000
34UFD2,22.840000,52.560000
34UFD3,23.620000,53.000000
34UFD4,23.610000,52.550000
34UFE1,22.900000,53.910000
34UFE2,22.880000,53.460000
34UFE3,23.640000,53.890000
34UFE4,23.630000,53.450000
34UFF1,22.940000,54.810000
34UFF2,22.920000,54.360000
34UFF3,23.670000,54.790000
34UFF4,23.650000,54.340000
34UFG1,22.990000,55.700000
34UFG2,22.970000,55.260000
34UFG3,23.690000,55.690000
34UFG4,23.680000,55.240000
34UFU1,22.690000,48.520000
34UFU2,22.680000,48.070000
34UFU4,23.350000,48.050000
34UFV1,22.720000,49.410000
34UFV2,22.710000,48.970000
34UFV3,23.410000,49.400000
34UGU2,24.000000,48.040000
34VCJ3,18.910000,57.500000
34VCJ4,18.940000,57.050000
34VCK3,18.860000,58.400000
34VCK4,18.890000,57.950000
34VCL3,18.810000,59.300000
34VCM3,18.750000,60.190000
34VCM4,18.780000,59.740000
34VCN4,18.590000,60.640000
34VCQ3,18.520000,62.880000
34VCQ4,18.530000,62.430000
34VCR3,18.490000,63.780000
34VCR4,18.500000,63.330000
34VDK2,19.730000,57.960000
34VDM1,19.650000,60.200000
34VDM2,19.670000,59.760000
34VDM3,20.550000,60.210000
34VDM4,20.560000,59.760000
34VDN4,20.540000,60.660000
34VDR1,19.480000,63.790000
34VDR2,19.500000,63.350000
34VDR3,20.490000,63.800000
34VDR4,20.500000,63.350000
34VEH1,21.410000,56.620000
34VEH2,21.400000,56.170000
34VEH3,22.220000,56.610000
34VEH4,22.210000,56.160000
34VEJ1,21.420000,57.520000
34VEJ2,21.410000,57.070000
34VEJ3,22.250000,57.510000
34VEJ4,22.240000,57.060000
34VEK1,21.430000,58.420000
34VEK3,22.280000,58.410000
34VEK4,22.270000,57.960000
34VEL4,22.300000,58.860000
34VEM1,21.450000,60.210000
34VEM2,21.450000,59.760000
34VEM3,22.350000,60.200000
34VEM4,22.330000,59.760000
34VEN1,21.460000,61.110000
34VEN2,21.460000,60.660000
34VEN3,22.390000,61.100000
34VEN4,22.370000,60.650000
34VEP1,21.480000,62.010000
34VEP2,21.470000,61.560000
34VEP3,22.430000,62.000000
34VEP4,22.410000,61.550000
34VEQ1,21.490000,62.900000
34VEQ2,21.480000,62.460000
34VEQ3,22.480000,62.900000
34VEQ4,22.450000,62.450000
34VER2,21.500000,63.350000
34VER3,22.520000,63.790000
34VER4,22.500000,63.350000
34VFH1,23.040000,56.600000
34VFH2,23.010000,56.150000
34VFH3,23.720000,56.590000
34VFH4,23.710000,56.140000
34VFJ1,23.090000,57.500000
34VFJ2,23.060000,57.050000
34VFJ3,24.000000,57.480000
34VFJ4,24.000000,57.030000
34VFK1,23.140000,58.400000
34VFK2,23.110000,57.950000
34VFK3,24.000000,58.380000
34VFK4,24.000000,57.930000
34VFL1,23.190000,59.300000
34VFL2,23.170000,58.850000
34VFL3,24.000000,59.280000
34VFL4,24.000000,58.830000
34VFM1,23.250000,60.190000
34VFM2,23.220000,59.740000
34VFN1,23.430000,61.090000
34VFN2,23.410000,60.640000
34VFP1,23.450000,61.990000
34VFP2,23.440000,61.540000
34VFQ1,23.480000,62.880000
34VFQ2,23.470000,62.430000
34VFR1,23.510000,63.780000
34VFR2,23.500000,63.330000
34WCS3,18.450000,64.680000
34WCS4,18.470000,64.230000
34WCT3,18.420000,65.580000
34WCT4,18.430000,65.130000
34WCU3,18.380000,66.470000
34WCU4,18.400000,66.020000
34WDA1,19.180000,68.280000
34WDA2,19.220000,67.830000
34WDA3,20.390000,68.290000
34WDA4,20.410000,67.840000
34WDB1,19.110000,69.170000
34WDB2,19.150000,68.730000
34WDB3,20.370000,69.180000
34WDB4,20.380000,68.740000
34WDC1,18.840000,70.070000
34WDC2,19.070000,69.620000
34WDC3,20.340000,70.080000
34WDC4,20.360000,69.630000
34WDS1,19.430000,64.690000
34WDS2,19.450000,64.240000
34WDS3,20.480000,64.700000
34WDS4,20.480000,64.250000
34WDT1,19.370000,65.590000
34WDT2,19.400000,65.140000
34WDT3,20.460000,65.600000
34WDT4,20.470000,65.150000
34WDU1,19.320000,66.490000
34WDU2,19.340000,66.040000
34WDU3,20.440000,66.490000
34WDU4,20.450000,66.040000
34WDV1,19.250000,67.380000
34WDV2,19.280000,66.930000
34WDV3,20.420000,67.390000
34WDV4,20.430000,66.940000
34WEA1,21.610000,68.290000
34WEA2,21.590000,67.840000
34WEA3,22.820000,68.280000
34WEA4,22.780000,67.830000
34WEB1,21.630000,69.180000
34WEB2,21.620000,68.740000
34WEB3,22.890000,69.170000
34WEB4,22.850000,68.730000
34WEC1,21.660000,70.080000
34WEC2,21.640000,69.630000
34WEC3,23.160000,70.070000
34WEC4,22.930000,69.620000
34WED2,21.670000,70.530000
34WED3,23.190000,70.970000
34WED4,23.170000,70.520000
34WES1,21.520000,64.700000
34WES2,21.520000,64.250000
34WET1,21.540000,65.600000
34WET2,21.530000,65.150000
34WET3,22.630000,65.590000
34WEU1,21.560000,66.490000
34WEU2,21.550000,66.040000
34WEU3,22.680000,66.490000
34WEU4,22.660000,66.040000
34WEV1,21.580000,67.390000
34WEV2,21.570000,66.940000
34WEV3,22.750000,67.380000
34WEV4,22.720000,66.930000
34WFA1,24.000000,68.260000
34WFA2,24.000000,67.810000
34WFB2,24.000000,68.710000
34WFS2,23.530000,64.230000
34WFT1,23.580000,65.580000
34WFU1,23.620000,66.470000
34WFU2,23.600000,66.020000
34WFV1,24.000000,67.360000
34WFV2,24.000000,66.910000
35SKA3,24.480000,36.790000
35SKB3,24.370000,37.690000
35SKB4,24.460000,37.240000
35SKC3,24.350000,38.590000
35SKC4,24.360000,38.140000
35SKD3,24.340000,39.490000
35SKD4,24.340000,39.040000
35SKE4,24.330000,39.940000
35SKU3,24.530000,34.990000
35SKV4,24.520000,35.440000
35SLA1,25.040000,36.800000
35SLA3,25.600000,36.810000
35SLA4,25.610000,36.360000
35SLB1,25.010000,37.710000
35SLB2,25.030000,37.260000
35SLB4,25.590000,37.260000
35SLE2,24.950000,39.960000
35SLE4,25.540000,39.970000
35SLU1,25.080000,35.000000
35SLU3,25.630000,35.010000
35SLV2,25.070000,35.450000
35SLV4,25.620000,35.460000
35SMA1,26.160000,36.820000
35SMA2,26.160000,36.370000
35SMA3,26.720000,36.820000
35SME2,26.120000,39.970000
35SMU1,26.180000,35.010000
35SMV1,26.170000,35.920000
35SMV2,26.170000,35.470000
35SNV1,27.280000,35.920000
35SNV2,27.280000,35.470000
35TKE3,24.320000,40.390000
35TKF3,24.310000,41.290000
35TKF4,24.310000,40.840000
35TKG3,24.290000,42.200000
35TKG4,24.300000,41.740000
35TKH3,24.270000,43.100000
35TKH4,24.280000,42.650000
35TKJ3,24.250000,44.000000
35TKJ4,24.260000,43.550000
35TKK3,24.230000,44.890000
35TKK4,24.240000,44.450000
35TKL3,24.210000,45.790000
35TKL4,24.220000,45.340000
35TLE3,25.530000,40.420000
35TLF1,24.910000,41.310000
35TLF2,24.920000,40.860000
35TLF3,25.510000,41.320000
35TLF4,25.520000,40.870000
35TLG1,24.880000,42.210000
35TLG2,24.900000,41.760000
35TLG3,25.490000,42.220000
35TLG4,25.500000,41.770000
35TLH1,24.850000,43.110000
35TLH2,24.860000,42.660000
35TLH3,25.460000,43.120000
35TLH4,25.470000,42.670000
35TLJ1,24.820000,44.010000
35TLJ2,24.830000,43.560000
35TLJ3,25.440000,44.020000
35TLJ4,25.450000,43.570000
35TLK1,24.780000,44.910000
35TLK2,24.800000,44.460000
35TLK3,25.420000,44.920000
35TLK4,25.430000,44.470000
35TLL1,24.750000,45.810000
35TLL2,24.770000,45.360000
35TLL3,25.390000,45.820000
35TLL4,25.400000,45.370000
35TLM1,24.710000,46.710000
35TLM2,24.730000,46.260000
35TLM3,25.360000,46.720000
35TLM4,25.380000,46.270000
35TLN1,24.670000,47.600000
35TLN2,24.690000,47.160000
35TLN3,25.340000,47.620000
35TLN4,25.350000,47.170000
35TME1,26.120000,40.420000
35TME3,26.710000,40.430000
35TMF1,26.100000,41.320000
35TMF2,26.110000,40.870000
35TMF3,26.700000,41.330000
35TMF4,26.700000,40.880000
35TMG1,26.090000,42.220000
35TMG2,26.100000,41.770000
35TMG3,26.700000,42.230000
35TMG4,26.700000,41.780000
35TMH1,26.080000,43.120000
35TMH2,26.080000,42.670000
35TMH3,26.690000,43.130000
35TMH4,26.690000,42.680000
35TMJ1,26.060000,44.020000
35TMJ2,26.070000,43.570000
35TMJ3,26.690000,44.030000
35TMJ4,26.690000,43.580000
35TMK1,26.050000,44.920000
35TMK2,26.060000,44.470000
35TMK3,26.680000,44.930000
35TMK4,26.690000,44.480000
35TML1,26.030000,45.820000
35TML2,26.040000,45.370000
35TML3,26.680000,45.830000
35TML4,26.680000,45.380000
35TMM1,26.020000,46.720000
35TMM2,26.030000,46.270000
35TMM3,26.670000,46.730000
35TMM4,26.680000,46.280000
35TMN1,26.000000,47.620000
35TMN2,26.010000,47.170000
35TMN3,26.670000,47.630000
35TMN4,26.670000,47.180000
35TNF1,27.300000,41.330000
35TNF2,27.300000,40.880000
35TNF3,27.900000,41.320000
35TNG1,27.300000,42.230000
35TNG2,27.300000,41.780000
35TNG3,27.910000,42.220000
35TNG4,27.900000,41.770000
35TNH1,27.310000,43.130000
35TNH2,27.310000,42.680000
35TNH3,27.920000,43.120000
35TNH4,27.920000,42.670000
35TNJ1,27.310000,44.030000
35TNJ2,27.310000,43.580000
35TNJ3,27.940000,44.020000
35TNJ4,27.930000,43.570000
35TNK1,27.320000,44.930000
35TNK2,27.310000,44.480000
35TNK3,27.950000,44.920000
35TNK4,27.940000,44.470000
35TNL1,27.320000,45.830000
35TNL2,27.320000,45.380000
35TNL3,27.970000,45.820000
35TNL4,27.960000,45.370000
35TNM1,27.330000,46.730000
35TNM2,27.320000,46.280000
35TNM3,27.980000,46.720000
35TNM4,27.970000,46.270000
35TNN1,27.330000,47.630000
35TNN2,27.330000,47.180000
35TNN4,27.990000,47.170000
35TPF1,28.490000,41.320000
35TPF2,28.480000,40.870000
35TPF3,29.090000,41.310000
35TPF4,29.080000,40.860000
35TPJ1,28.560000,44.020000
35TPJ2,28.550000,43.570000
35TPK1,28.580000,44.920000
35TPK2,28.570000,44.470000
35TPK3,29.220000,44.910000
35TPL2,28.600000,45.370000
35TPL4,29.230000,45.360000
35TQK1,29.770000,44.890000
35TQL2,29.780000,45.340000
35ULA1,24.330000,54.790000
35ULA2,24.350000,54.340000
35ULA3,25.060000,54.810000
35ULA4,25.080000,54.360000
35ULB1,24.310000,55.690000
35ULB2,24.320000,55.240000
35ULB3,25.010000,55.700000
35ULB4,25.030000,55.260000
35ULP2,24.650000,48.050000
35ULP4,25.320000,48.070000
35ULS2,24.440000,50.750000
35ULV1,24.360000,53.890000
35ULV3,25.100000,53.910000
35UMA1,25.830000,54.820000
35UMA2,25.850000,54.370000
35UMB1,25.810000,55.710000
35UMB2,25.820000,55.270000
35UMB3,26.600000,55.720000
35UMB4,26.610000,55.270000
35UMP2,25.990000,48.070000
35UMP4,26.660000,48.080000
35UNB1,27.400000,55.720000
35UNP2,27.340000,48.080000
35VLC1,24.280000,56.590000
35VLC2,24.290000,56.140000
35VLC3,24.960000,56.600000
35VLC4,24.990000,56.150000
35VLD3,24.910000,57.500000
35VLD4,24.940000,57.050000
35VLE3,24.860000,58.400000
35VLE4,24.890000,57.950000
35VLF3,24.810000,59.300000
35VLF4,24.830000,58.850000
35VLG3,24.750000,60.190000
35VLG4,24.780000,59.740000
35VLH3,24.570000,61.090000
35VLH4,24.590000,60.640000
35VLJ3,24.550000,61.990000
35VLJ4,24.560000,61.540000
35VLK3,24.520000,62.880000
35VLK4,24.530000,62.430000
35VLL3,24.490000,63.780000
35VLL4,24.500000,63.330000
35VMC1,25.780000,56.610000
35VMC2,25.790000,56.160000
35VMC3,26.590000,56.620000
35VMC4,26.600000,56.170000
35VMD1,25.750000,57.510000
35VMD2,25.760000,57.060000
35VMD3,26.580000,57.520000
35VMD4,26.590000,57.070000
35VME1,25.720000,58.410000
35VME2,25.730000,57.960000
35VME3,26.570000,58.420000
35VME4,26.580000,57.970000
35VMF1,25.680000,59.310000
35VMF2,25.700000,58.860000
35VMF3,26.560000,59.310000
35VMF4,26.570000,58.860000
35VMG1,25.650000,60.200000
35VMG2,25.670000,59.760000
35VMG3,26.550000,60.210000
35VMG4,26.560000,59.760000
35VMH1,25.610000,61.100000
35VMH2,25.630000,60.650000
35VMH3,26.540000,61.110000
35VMH4,26.540000,60.660000
35VMJ1,25.570000,62.000000
35VMJ2,25.590000,61.550000
35VMJ3,26.520000,62.010000
35VMJ4,26.530000,61.560000
35VMK1,25.520000,62.900000
35VMK2,25.550000,62.450000
35VMK3,26.510000,62.900000
35VMK4,26.520000,62.460000
35VML1,25.480000,63.790000
35VML2,25.500000,63.350000
35VML3,26.490000,63.800000
35VML4,26.500000,63.350000
35VNC1,27.410000,56.620000
35VNC2,27.400000,56.170000
35VNC3,28.220000,56.610000
35VNC4,28.210000,56.160000
35VND1,27.420000,57.520000
35VND2,27.410000,57.070000
35VND4,28.240000,57.060000
35VNE1,27.430000,58.420000
35VNE2,27.420000,57.970000
35VNF1,27.440000,59.310000
35VNF2,27.430000,58.860000
35VNF3,28.320000,59.310000
35VNG1,27.450000,60.210000
35VNG2,27.450000,59.760000
35VNH1,27.460000,61.110000
35VNH2,27.460000,60.660000
35VNH3,28.390000,61.100000
35VNH4,28.370000,60.650000
35VNJ1,27.480000,62.010000
35VNJ2,27.470000,61.560000
35VNJ3,28.430000,62.000000
35VNJ4,28.410000,61.550000
35VNK1,27.490000,62.900000
35VNK2,27.480000,62.460000
35VNK3,28.480000,62.900000
35VNK4,28.450000,62.450000
35VNL1,27.510000,63.800000
35VNL2,27.500000,63.350000
35VNL3,28.520000,63.790000
35VNL4,28.500000,63.350000
35VPH1,29.430000,61.090000
35VPJ1,29.450000,61.990000
35VPJ2,29.440000,61.540000
35VPK1,29.480000,62.880000
35VPK2,29.470000,62.430000
35VPL1,29.510000,63.780000
35VPL2,29.500000,63.330000
35WLM3,24.450000,64.680000
35WLM4,24.470000,64.230000
35WLN3,24.420000,65.580000
35WLN4,24.430000,65.130000
35WLP3,24.380000,66.470000
35WLP4,24.400000,66.020000
35WMM1,25.430000,64.690000
35WMM2,25.450000,64.240000
35WMM3,26.480000,64.700000
35WMM4,26.480000,64.250000
35WMN1,25.370000,65.590000
35WMN2,25.400000,65.140000
35WMN3,26.460000,65.600000
35WMN4,26.470000,65.150000
35WMP1,25.320000,66.490000
35WMP2,25.340000,66.040000
35WMP3,26.440000,66.490000
35WMP4,26.450000,66.040000
35WMQ1,25.250000,67.380000
35WMQ2,25.280000,66.930000
35WMQ3,26.420000,67.390000
35WMQ4,26.430000,66.940000
35WMR1,25.180000,68.280000
35WMR2,25.220000,67.830000
35WMR3,26.390000,68.290000
35WMR4,26.410000,67.840000
35WMS1,25.110000,69.170000
35WMS2,25.150000,68.730000
35WMS3,26.370000,69.180000
35WMS4,26.380000,68.740000
35WMT1,24.840000,70.070000
35WMT2,25.070000,69.620000
35WMT3,26.340000,70.080000
35WMT4,26.360000,69.630000
35WMU1,24.810000,70.970000
35WMU2,24.830000,70.520000
35WMU3,26.310000,70.980000
35WMU4,26.330000,70.530000
35WNM1,27.520000,64.700000
35WNM2,27.520000,64.250000
35WNM3,28.570000,64.690000
35WNM4,28.550000,64.240000
35WNN1,27.540000,65.600000
35WNN2,27.530000,65.150000
35WNN3,28.630000,65.590000
35WNN4,28.600000,65.140000
35WNP1,27.560000,66.490000
35WNP2,27.550000,66.040000
35WNP3,28.680000,66.490000
35WNP4,28.660000,66.040000
35WNQ1,27.580000,67.390000
35WNQ2,27.570000,66.940000
35WNQ3,28.750000,67.380000
35WNQ4,28.720000,66.930000
35WNR1,27.610000,68.290000
35WNR2,27.590000,67.840000
35WNR3,28.820000,68.280000
35WNR4,28.780000,67.830000
35WNS1,27.630000,69.180000
35WNS2,27.620000,68.740000
35WNS3,28.890000,69.170000
35WNS4,28.850000,68.730000
35WNT1,27.660000,70.080000
35WNT2,27.640000,69.630000
35WNT3,29.160000,70.070000
35WNT4,28.930000,69.620000
35WNU1,27.690000,70.980000
35WNU2,27.670000,70.530000
35WNU3,29.190000,70.970000
35WNU4,29.170000,70.520000
35WPM1,29.550000,64.680000
35WPM2,29.530000,64.230000
35WPN1,29.580000,65.580000
35WPN2,29.570000,65.130000
35WPP1,29.620000,66.470000
35WPP2,29.600000,66.020000
35WPQ1,30.000000,67.360000
35WPR2,30.000000,67.810000
35XLF3,21.970000,77.210000
35XLG3,21.820000,78.100000
35XLG4,21.900000,77.650000
35XLH4,21.740000,78.550000
35XMG1,23.730000,78.130000
35XMJ3,25.720000,79.940000
35XMK2,22.660000,80.360000
35XMK4,25.660000,80.390000
35XNH1,28.180000,79.040000
35XNK4,31.340000,80.360000
36VUP3,30.550000,61.990000
36VUP4,30.560000,61.540000
36VUQ3,30.520000,62.880000
36VUQ4,30.530000,62.430000
36VUR3,30.490000,63.780000
36VUR4,30.500000,63.330000
36VVQ1,31.520000,62.900000
36VVQ2,31.550000,62.450000
36VVR2,31.500000,63.350000
36WUS3,30.450000,64.680000
36WUS4,30.470000,64.230000
36WVC1,30.840000,70.070000
36WVC2,31.070000,69.620000
36WVD2,30.830000,70.520000
